000,grp_5499961c-176b-4b14-8d5d-0f2b979b4adc
001,grp_ecc35c1b-d7d2-40e8-9833-df255ee5e081
002,
003,grp_f38fa3e2-da57-4c61-83fd-83960711944c
004,
005,
006,grp_2cb70f82-067e-4e07-8ba6-1f7f465861a4
007,
008,grp_fa3f4635-2549-45cd-bb55-4b8ae0abb24e
009,grp_1da6cb59-db72-4885-af38-31261d4ce024
010,grp_b8e9dce0-4e18-441a-9a9b-7fe46a9389e9
011,grp_1640872f-20cc-442c-bd43-78b55869a801
012,
013,grp_9e11e6c3-7846-410b-bee9-5d13ce575c83
014,grp_cad097ce-5300-4232-9c71-2da9d42c3c26
015,grp_98f8bcb3-eea5-49f6-9c85-220025690c3c
016,grp_b2344b44-eefa-4397-a963-3eb3617402ba
017,grp_f779bba0-cd0e-473d-a3fc-9ff2e1ae4db9
018,grp_4757db03-effd-4e6e-9e6f-04d9ae5791ff
019,grp_e8880fe2-e9cf-4d0c-8de5-03e0c1b9cb0d
020,
021,grp_93666fad-5ff2-47cc-a74e-f6419f4d6d45
022,grp_9391691c-6c48-4b17-b3b7-d86624344e14
023,grp_6444993e-7154-4d75-b181-69ce586cc88d
024,grp_df8cd4d3-d99b-48d0-aa45-87b464ee2124
025,
026,
027,
028,
